Epoch,Loss
1,2.064645767211914
2,1.9169284105300903
3,1.7782576084136963
4,1.6485415697097778
5,1.5274474620819092
